--Nome: Caike Dametto RM: 558614
--Nome: Guilhetme Janunzzi RM: 558461

-- Inserindo filiais
INSERT INTO T_MM_FILIAL (CD_FILIAL, NM_FILIAL, DS_ENDERECO, NM_CIDADE, SG_ESTADO, NR_LINHA, NR_COLUNA, QT_CAPACIDADE_MAX)
VALUES (1, 'Mottu São Paulo', 'Av. Paulista, 1000', 'São Paulo', 'SP', 20, 10, 200);

INSERT INTO T_MM_FILIAL (CD_FILIAL, NM_FILIAL, DS_ENDERECO, NM_CIDADE, SG_ESTADO, NR_LINHA, NR_COLUNA, QT_CAPACIDADE_MAX)
VALUES (2, 'Mottu Rio', 'Rua Copacabana, 500', 'Rio de Janeiro', 'RJ', 15, 10, 150);

INSERT INTO T_MM_FILIAL (CD_FILIAL, NM_FILIAL, DS_ENDERECO, NM_CIDADE, SG_ESTADO, NR_LINHA, NR_COLUNA, QT_CAPACIDADE_MAX)
VALUES (3, 'Mottu Belo Horizonte', 'Av. Contorno, 2000', 'Belo Horizonte', 'MG', 12, 12, 144);

INSERT INTO T_MM_FILIAL (CD_FILIAL, NM_FILIAL, DS_ENDERECO, NM_CIDADE, SG_ESTADO, NR_LINHA, NR_COLUNA, QT_CAPACIDADE_MAX)
VALUES (4, 'Mottu Curitiba', 'Rua XV de Novembro, 300', 'Curitiba', 'PR', 10, 12, 120);

INSERT INTO T_MM_FILIAL (CD_FILIAL, NM_FILIAL, DS_ENDERECO, NM_CIDADE, SG_ESTADO, NR_LINHA, NR_COLUNA, QT_CAPACIDADE_MAX)
VALUES (5, 'Mottu Porto Alegre', 'Av. Farrapos, 800', 'Porto Alegre', 'RS', 10, 10, 100);

-- Inserindo usuários
INSERT INTO T_MM_USUARIO (CD_USUARIO, CD_FILIAL, NM_USUARIO, DS_EMAIL, DS_SENHA, DS_TIPO)
VALUES (101, 1, 'Carlos Oliveira', 'carlos@mottu.com', 'a1b2c3d4e5', 'ADM_GERAL');

INSERT INTO T_MM_USUARIO (CD_USUARIO, CD_FILIAL, NM_USUARIO, DS_EMAIL, DS_SENHA, DS_TIPO)
VALUES (102, 1, 'Ana Souza', 'ana@mottu.com', 'f6g7h8i9j0', 'ADM_LOCAL');

INSERT INTO T_MM_USUARIO (CD_USUARIO, CD_FILIAL, NM_USUARIO, DS_EMAIL, DS_SENHA, DS_TIPO)
VALUES (103, 2, 'Pedro Santos', 'pedro@mottu.com', 'k1l2m3n4o5', 'COLABORADOR_MEC');

INSERT INTO T_MM_USUARIO (CD_USUARIO, CD_FILIAL, NM_USUARIO, DS_EMAIL, DS_SENHA, DS_TIPO)
VALUES (104, 3, 'Juliana Costa', 'juliana@mottu.com', 'p6q7r8s9t0', 'COLABORADOR_PAT');

INSERT INTO T_MM_USUARIO (CD_USUARIO, CD_FILIAL, NM_USUARIO, DS_EMAIL, DS_SENHA, DS_TIPO)
VALUES (105, 4, 'Marcos Lima', 'marcos@mottu.com', 'u1v2w3x4y5', 'COLABORADOR_PAT');

-- Inserindo posições no pátio
INSERT INTO T_MM_POSICAO_PATIO (CD_POSICAO, CD_FILIAL, CD_IDENTIFICACAO, NR_FILA, NR_COLUNA, DS_AREA, DS_OCUPADO)
VALUES (1001, 1, 'A1', 1, 1, 'PRONTAS', 1);

INSERT INTO T_MM_POSICAO_PATIO (CD_POSICAO, CD_FILIAL, CD_IDENTIFICACAO, NR_FILA, NR_COLUNA, DS_AREA, DS_OCUPADO)
VALUES (1002, 1, 'B1', 2, 1, 'MINHA_MOTTU', 0);

INSERT INTO T_MM_POSICAO_PATIO (CD_POSICAO, CD_FILIAL, CD_IDENTIFICACAO, NR_FILA, NR_COLUNA, DS_AREA, DS_OCUPADO)
VALUES (1003, 2, 'C1', 3, 1, 'P_SIMPLES', 1);

INSERT INTO T_MM_POSICAO_PATIO (CD_POSICAO, CD_FILIAL, CD_IDENTIFICACAO, NR_FILA, NR_COLUNA, DS_AREA, DS_OCUPADO)
VALUES (1004, 3, 'D1', 4, 1, 'P_GRAVES', 0);

INSERT INTO T_MM_POSICAO_PATIO (CD_POSICAO, CD_FILIAL, CD_IDENTIFICACAO, NR_FILA, NR_COLUNA, DS_AREA, DS_OCUPADO)
VALUES (1005, 4, 'E1', 5, 1, 'IRRECUPERAVEIS', 1);

-- Inserindo motos
INSERT INTO T_MM_MOTO (CD_MOTO, CD_FILIAL, DS_PLACA, DS_CHASSI, NM_MODELO, NR_ANO, DS_STATUS)
VALUES (5001, 1, 'SAH2D23', '9BWZZZ377YP123456', 'MOTTU SPORT ESD', 2025, 'ATIVO');

INSERT INTO T_MM_MOTO (CD_MOTO, CD_FILIAL, DS_PLACA, DS_CHASSI, NM_MODELO, NR_ANO, DS_STATUS)
VALUES (5002, 1, 'FHR4G76', '9BMZZZ288XP654321', 'POP 110I', 2021, 'INATIVO');

INSERT INTO T_MM_MOTO (CD_MOTO, CD_FILIAL, DS_PLACA, DS_CHASSI, NM_MODELO, NR_ANO, DS_STATUS)
VALUES (5003, 2, 'RSD7J19', '9BRZZZ199KL987654', 'MOTTU SPORT', 2023, 'INATIVO');

INSERT INTO T_MM_MOTO (CD_MOTO, CD_FILIAL, DS_PLACA, DS_CHASSI, NM_MODELO, NR_ANO, DS_STATUS)
VALUES (5004, 3, 'SLK7B84', '9BFZZZ055TR456789', 'MOTTU-E MAX', 2024, 'ATIVO');

INSERT INTO T_MM_MOTO (CD_MOTO, CD_FILIAL, DS_PLACA, DS_CHASSI, NM_MODELO, NR_ANO, DS_STATUS)
VALUES (5005, 4, 'DUS3A70', '9BHZZZ822QP321654', 'MOTTU SPORT', 2022, 'INATIVO');

-- Inserindo problemas
INSERT INTO T_MM_PROBLEMA (CD_PROBLEMA, CD_MOTO, CD_USUARIO, DS_TIPO, DS_DESCRICAO, DT_REGISTRO, DS_RESOLVIDO)
VALUES (2001, 5002, 104, 'MECÂNICO', 'Vazamento de óleo no motor', TO_DATE('15/05/2024', 'DD/MM/YYYY'), 0);

INSERT INTO T_MM_PROBLEMA (CD_PROBLEMA, CD_MOTO, CD_USUARIO, DS_TIPO, DS_DESCRICAO, DT_REGISTRO, DS_RESOLVIDO)
VALUES (2002, 5002, 105, 'ELÉTRICO', 'Farol não acende', TO_DATE('10/05/2024', 'DD/MM/YYYY'), 1);

INSERT INTO T_MM_PROBLEMA (CD_PROBLEMA, CD_MOTO, CD_USUARIO, DS_TIPO, DS_DESCRICAO, DT_REGISTRO, DS_RESOLVIDO)
VALUES (2003, 5003, 105, 'PNEU', 'Pneu furado', TO_DATE('05/05/2024', 'DD/MM/YYYY'), 1);

INSERT INTO T_MM_PROBLEMA (CD_PROBLEMA, CD_MOTO, CD_USUARIO, DS_TIPO, DS_DESCRICAO, DT_REGISTRO, DS_RESOLVIDO)
VALUES (2004, 5005, 104, 'FREIO', 'Pastilhas gastas', TO_DATE('20/05/2024', 'DD/MM/YYYY'), 0);

INSERT INTO T_MM_PROBLEMA (CD_PROBLEMA, CD_MOTO, CD_USUARIO, DS_TIPO, DS_DESCRICAO, DT_REGISTRO, DS_RESOLVIDO)
VALUES (2005, 5005, 105, 'BATERIA', 'Bateria descarregada', TO_DATE('18/05/2024', 'DD/MM/YYYY'), 0);

-- Inserindo histórico de posições
INSERT INTO T_MM_HISTORICO_POSICAO (CD_HISTORICO, CD_MOTO, CD_POSICAO, DT_INICIO, DT_FIM)
VALUES (3001, 5001, 1001, TO_DATE('01/05/2024', 'DD/MM/YYYY'), TO_DATE('10/05/2024', 'DD/MM/YYYY'));

INSERT INTO T_MM_HISTORICO_POSICAO (CD_HISTORICO, CD_MOTO, CD_POSICAO, DT_INICIO, DT_FIM)
VALUES (3002, 5002, 1003, TO_DATE('05/05/2024', 'DD/MM/YYYY'), NULL);

INSERT INTO T_MM_HISTORICO_POSICAO (CD_HISTORICO, CD_MOTO, CD_POSICAO, DT_INICIO, DT_FIM)
VALUES (3003, 5003, 1005, TO_DATE('12/05/2024', 'DD/MM/YYYY'), TO_DATE('15/05/2024', 'DD/MM/YYYY'));

INSERT INTO T_MM_HISTORICO_POSICAO (CD_HISTORICO, CD_MOTO, CD_POSICAO, DT_INICIO, DT_FIM)
VALUES (3004, 5004, 1004, TO_DATE('03/05/2024', 'DD/MM/YYYY'), NULL);

INSERT INTO T_MM_HISTORICO_POSICAO (CD_HISTORICO, CD_MOTO, CD_POSICAO, DT_INICIO, DT_FIM)
VALUES (3005, 5005, 1002, TO_DATE('08/05/2024', 'DD/MM/YYYY'), TO_DATE('18/05/2024', 'DD/MM/YYYY'));

-- Inserindo movimentações
INSERT INTO T_MM_MOVIMENTACAO (CD_MOVIMENTACAO, CD_USUARIO, CD_MOTO, DS_TIPO, DT_HORA, DS_OBSERVACOES)
VALUES (4001, 104, 5001, 'ENTRADA', TO_DATE('01/05/2024 09:00', 'DD/MM/YYYY HH24:MI'), 'Moto nova chegada');

INSERT INTO T_MM_MOVIMENTACAO (CD_MOVIMENTACAO, CD_USUARIO, CD_MOTO, DS_TIPO, DT_HORA, DS_OBSERVACOES)
VALUES (4002, 105, 5002, 'SAÍDA', TO_DATE('05/05/2024 14:30', 'DD/MM/YYYY HH24:MI'), 'Envio para manutenção');

INSERT INTO T_MM_MOVIMENTACAO (CD_MOVIMENTACAO, CD_USUARIO, CD_MOTO, DS_TIPO, DT_HORA, DS_OBSERVACOES)
VALUES (4003, 104, 5003, 'ENTRADA', TO_DATE('12/05/2024 11:00', 'DD/MM/YYYY HH24:MI'), 'Vendida para cliente');

INSERT INTO T_MM_MOVIMENTACAO (CD_MOVIMENTACAO, CD_USUARIO, CD_MOTO, DS_TIPO, DT_HORA, DS_OBSERVACOES)
VALUES (4004, 103, 5004, 'RETORNO', TO_DATE('03/05/2024 16:45', 'DD/MM/YYYY HH24:MI'), 'Mudança de filial');

INSERT INTO T_MM_MOVIMENTACAO (CD_MOVIMENTACAO, CD_USUARIO, CD_MOTO, DS_TIPO, DT_HORA, DS_OBSERVACOES)
VALUES (4005, 103, 5005, 'MECANICA', TO_DATE('08/05/2024 10:20', 'DD/MM/YYYY HH24:MI'), 'Reserva para teste');