<?xml version = '1.0' encoding = 'UTF-8'?>
<Diagram class="oracle.dbtools.crest.swingui.relational.DPVRelational" name="Relational_1" id="291FEFBB-3BC1-D189-8B29-5E16FEFC93D7">
<createdBy>User</createdBy>
<modifiedBy>User</modifiedBy>
<createdTime>2025-05-02 03:49:00 UTC</createdTime>
<autoRoute>false</autoRoute>
<boxInbox>true</boxInbox>
<showLegend>false</showLegend>
<showLabels>false</showLabels>
<showRelAttributes>false</showRelAttributes>
<gridEnabled>false</gridEnabled>
<showGrid>false</showGrid>
<diagramColor>-1</diagramColor>
<display>false</display>
<notation>1</notation>
<objectViews>
<OView class="oracle.dbtools.crest.swingui.relational.TVTable" oid="0139490B-E587-E755-5822-4D175A4224B2" otype="Table" vid="711629AB-28D2-0503-4A5E-662761C809F5">
<hideElementsInCurrentOnly>false</hideElementsInCurrentOnly>
<bounds x="7" y="656" width="420" height="200"/>
</OView>
<OView class="oracle.dbtools.crest.swingui.relational.TVTable" oid="2D10FED5-04FF-F435-A5CA-5E9D6A6999F7" otype="Table" vid="E65992A7-7DD7-A9F3-247E-D6C4A940E933">
<hideElementsInCurrentOnly>false</hideElementsInCurrentOnly>
<bounds x="56" y="352" width="337" height="153"/>
</OView>
<OView class="oracle.dbtools.crest.swingui.relational.TVTable" oid="3CB646E0-D40C-B8E4-720D-11D9F746EC93" otype="Table" vid="F368ED3A-839A-EC3D-A3FE-1E0865A27E2D">
<hideElementsInCurrentOnly>false</hideElementsInCurrentOnly>
<bounds x="938" y="668" width="520" height="179"/>
</OView>
<OView class="oracle.dbtools.crest.swingui.relational.TVTable" oid="5B6B3F69-47E0-5CFF-0C7B-C396D4694269" otype="Table" vid="41B1FB90-37F2-4CA5-6A86-BF6AB9A71A14">
<hideElementsInCurrentOnly>false</hideElementsInCurrentOnly>
<bounds x="952" y="344" width="375" height="167"/>
</OView>
<OView class="oracle.dbtools.crest.swingui.relational.TVTable" oid="8AB340AD-A2DC-EA4B-C789-AC50074542ED" otype="Table" vid="05C5D3A0-A19E-3B14-CF7A-74B847E7C03D">
<hideElementsInCurrentOnly>false</hideElementsInCurrentOnly>
<bounds x="537" y="339" width="320" height="162"/>
</OView>
<OView class="oracle.dbtools.crest.swingui.relational.TVTable" oid="8B75A749-C09D-4C16-70C2-20BD6E1833D0" otype="Table" vid="8B99D501-8F80-E744-7D67-6490C852FDF0">
<hideElementsInCurrentOnly>false</hideElementsInCurrentOnly>
<bounds x="478" y="649" width="392" height="205"/>
</OView>
<OView class="oracle.dbtools.crest.swingui.relational.TVTable" oid="C93E449C-D767-1F55-135F-B54DE88DAC40" otype="Table" vid="A00BFEA8-5EB6-6B87-D050-1D4E068579D9">
<hideElementsInCurrentOnly>false</hideElementsInCurrentOnly>
<bounds x="556" y="0" width="262" height="178"/>
</OView>
</objectViews>
<connectors>
<Connector class="oracle.dbtools.crest.swingui.relational.TVFKRelation" oid="26BAF95B-EDA4-9CDF-798E-E44B6909643A" otype="FKIndexAssociation" vid_source="A00BFEA8-5EB6-6B87-D050-1D4E068579D9" vid_target="E65992A7-7DD7-A9F3-247E-D6C4A940E933">
<hideElementsInCurrentOnly>false</hideElementsInCurrentOnly>
<backgroundColor>-16777216</backgroundColor>
<lineWidth>1</lineWidth>
<points>
<point x="565" y="178"/>
<point x="328" y="352"/>
</points>
</Connector>
<Connector class="oracle.dbtools.crest.swingui.relational.TVFKRelation" oid="4B4F4394-F0AE-8152-2BB1-D413F4774486" otype="FKIndexAssociation" vid_source="E65992A7-7DD7-A9F3-247E-D6C4A940E933" vid_target="711629AB-28D2-0503-4A5E-662761C809F5">
<hideElementsInCurrentOnly>false</hideElementsInCurrentOnly>
<backgroundColor>-16777216</backgroundColor>
<lineWidth>1</lineWidth>
<points>
<point x="224" y="505"/>
<point x="224" y="656"/>
</points>
</Connector>
<Connector class="oracle.dbtools.crest.swingui.relational.TVFKRelation" oid="742BB230-7720-09D1-C3DC-9DAC6CC99D70" otype="FKIndexAssociation" vid_source="A00BFEA8-5EB6-6B87-D050-1D4E068579D9" vid_target="41B1FB90-37F2-4CA5-6A86-BF6AB9A71A14">
<hideElementsInCurrentOnly>false</hideElementsInCurrentOnly>
<backgroundColor>-16777216</backgroundColor>
<lineWidth>1</lineWidth>
<points>
<point x="805" y="178"/>
<point x="1027" y="344"/>
</points>
</Connector>
<Connector class="oracle.dbtools.crest.swingui.relational.TVFKRelation" oid="83E61E56-B6A5-5F10-98E3-455D1A318968" otype="FKIndexAssociation" vid_source="05C5D3A0-A19E-3B14-CF7A-74B847E7C03D" vid_target="F368ED3A-839A-EC3D-A3FE-1E0865A27E2D">
<hideElementsInCurrentOnly>false</hideElementsInCurrentOnly>
<backgroundColor>-16777216</backgroundColor>
<lineWidth>1</lineWidth>
<points>
<point x="817" y="501"/>
<point x="1065" y="668"/>
</points>
</Connector>
<Connector class="oracle.dbtools.crest.swingui.relational.TVFKRelation" oid="A52DD657-0FB7-BAF9-0D71-3EB214289DAD" otype="FKIndexAssociation" vid_source="05C5D3A0-A19E-3B14-CF7A-74B847E7C03D" vid_target="711629AB-28D2-0503-4A5E-662761C809F5">
<hideElementsInCurrentOnly>false</hideElementsInCurrentOnly>
<backgroundColor>-16777216</backgroundColor>
<lineWidth>1</lineWidth>
<points>
<point x="581" y="501"/>
<point x="359" y="656"/>
</points>
</Connector>
<Connector class="oracle.dbtools.crest.swingui.relational.TVFKRelation" oid="ACA9620D-3FA7-45FA-4691-F46F1E542296" otype="FKIndexAssociation" vid_source="A00BFEA8-5EB6-6B87-D050-1D4E068579D9" vid_target="05C5D3A0-A19E-3B14-CF7A-74B847E7C03D">
<hideElementsInCurrentOnly>false</hideElementsInCurrentOnly>
<backgroundColor>-16777216</backgroundColor>
<lineWidth>1</lineWidth>
<points>
<point x="687" y="178"/>
<point x="687" y="339"/>
</points>
</Connector>
<Connector class="oracle.dbtools.crest.swingui.relational.TVFKRelation" oid="D67A1DCA-CF90-1E24-B57E-A6ED7B3F7205" otype="FKIndexAssociation" vid_source="41B1FB90-37F2-4CA5-6A86-BF6AB9A71A14" vid_target="F368ED3A-839A-EC3D-A3FE-1E0865A27E2D">
<hideElementsInCurrentOnly>false</hideElementsInCurrentOnly>
<backgroundColor>-16777216</backgroundColor>
<lineWidth>1</lineWidth>
<points>
<point x="1139" y="511"/>
<point x="1139" y="668"/>
</points>
</Connector>
<Connector class="oracle.dbtools.crest.swingui.relational.TVFKRelation" oid="E052A22E-DE5E-77C6-F09D-6482C63E56D3" otype="FKIndexAssociation" vid_source="05C5D3A0-A19E-3B14-CF7A-74B847E7C03D" vid_target="8B99D501-8F80-E744-7D67-6490C852FDF0">
<hideElementsInCurrentOnly>false</hideElementsInCurrentOnly>
<backgroundColor>-16777216</backgroundColor>
<lineWidth>1</lineWidth>
<points>
<point x="697" y="501"/>
<point x="697" y="649"/>
</points>
</Connector>
<Connector class="oracle.dbtools.crest.swingui.relational.TVFKRelation" oid="E15B9A39-9DAB-9E85-358E-1E363FBFA7EA" otype="FKIndexAssociation" vid_source="E65992A7-7DD7-A9F3-247E-D6C4A940E933" vid_target="8B99D501-8F80-E744-7D67-6490C852FDF0">
<hideElementsInCurrentOnly>false</hideElementsInCurrentOnly>
<backgroundColor>-16777216</backgroundColor>
<lineWidth>1</lineWidth>
<points>
<point x="330" y="505"/>
<point x="531" y="649"/>
</points>
</Connector>
</connectors>
</Diagram>