<?xml version = '1.0' encoding = 'UTF-8'?>
<Entity class="oracle.dbtools.crest.model.design.logical.Entity" directorySegmentName="seg_0" id="5FE91113-4F30-EAC5-1C81-7979F4DF378E" name="T_MM_HISTORICO_POSICAO">
<createdBy>User</createdBy>
<createdTime>2025-05-05 01:20:36 UTC</createdTime>
<ownerDesignName>BD_MotoMap</ownerDesignName>
<engineerTo>
<item key="98F1973A-BD97-A1C3-3C13-E6145DC83514" value="true"/>
</engineerTo>
<adequatelyNormalized>NO</adequatelyNormalized>
<expectedVolumes>0</expectedVolumes>
<fwdEngineeringStrategyName>Single Table</fwdEngineeringStrategyName>
<growthPercent>0</growthPercent>
<growthType>Year</growthType>
<maxVolumes>9999999</maxVolumes>
<minVolumes>0</minVolumes>
<normalForm>Third</normalForm>
<attributes itemClass="oracle.dbtools.crest.model.design.logical.Attribute">
<Attribute name="CD_HISTORICO" id="CD4877A9-0D84-EDE5-013F-478BE98231A9">
<createdBy>User</createdBy>
<createdTime>2025-05-05 01:21:06 UTC</createdTime>
<ownerDesignName>BD_MotoMap</ownerDesignName>
<engineerTo>
<item key="98F1973A-BD97-A1C3-3C13-E6145DC83514" value="true"/>
</engineerTo>
<useDomainConstraints>false</useDomainConstraints>
<use>1</use>
<logicalDatatype>LOGDT019</logicalDatatype>
<dataTypePrecision>10</dataTypePrecision>
<ownDataTypeParameters>,10,</ownDataTypeParameters>
</Attribute>
<Attribute name="CD_MOTO" id="F99F39E2-C315-2A1B-6CD2-EE63F6C64618">
<createdBy>labsfiap</createdBy>
<createdTime>2025-05-07 23:11:53 UTC</createdTime>
<generatorID>95B7DFA0-2E8D-81FB-5EE3-740591907565</generatorID>
<ownerDesignName>BD_MotoMap</ownerDesignName>
<engineerTo>
<item key="98F1973A-BD97-A1C3-3C13-E6145DC83514" value="true"/>
</engineerTo>
<referedAttribute>F8F6B356-ED08-38F3-7421-38C28D7A3E4A</referedAttribute>
<useDomainConstraints>false</useDomainConstraints>
<use>1</use>
<logicalDatatype>LOGDT019</logicalDatatype>
<dataTypePrecision>9</dataTypePrecision>
<ownDataTypeParameters>,,</ownDataTypeParameters>
</Attribute>
<Attribute name="CD_POSICAO" id="DADC32AE-AD69-965E-1E76-40D37E82D1A5">
<createdBy>labsfiap</createdBy>
<createdTime>2025-05-07 23:10:22 UTC</createdTime>
<generatorID>3B37A100-7E05-5799-F000-D364B98B0670</generatorID>
<ownerDesignName>BD_MotoMap</ownerDesignName>
<engineerTo>
<item key="98F1973A-BD97-A1C3-3C13-E6145DC83514" value="true"/>
</engineerTo>
<referedAttribute>7DC69426-5D78-B549-8C52-4B254F23EABA</referedAttribute>
<useDomainConstraints>false</useDomainConstraints>
<use>1</use>
<logicalDatatype>LOGDT019</logicalDatatype>
<dataTypePrecision>6</dataTypePrecision>
<ownDataTypeParameters>,,</ownDataTypeParameters>
</Attribute>
<Attribute name="DT_INICIO" id="62864142-158B-7693-9A7A-D5F67A7B2120">
<createdBy>User</createdBy>
<createdTime>2025-05-05 01:25:09 UTC</createdTime>
<ownerDesignName>BD_MotoMap</ownerDesignName>
<engineerTo>
<item key="98F1973A-BD97-A1C3-3C13-E6145DC83514" value="true"/>
</engineerTo>
<useDomainConstraints>false</useDomainConstraints>
<use>1</use>
<logicalDatatype>LOGDT007</logicalDatatype>
<ownDataTypeParameters>,,</ownDataTypeParameters>
</Attribute>
<Attribute name="DT_FIM" id="7E79A039-398B-E26E-60B0-85E122D24E7A">
<createdBy>User</createdBy>
<createdTime>2025-05-05 01:25:26 UTC</createdTime>
<ownerDesignName>BD_MotoMap</ownerDesignName>
<engineerTo>
<item key="98F1973A-BD97-A1C3-3C13-E6145DC83514" value="true"/>
</engineerTo>
<nullsAllowed>true</nullsAllowed>
<useDomainConstraints>false</useDomainConstraints>
<use>1</use>
<logicalDatatype>LOGDT007</logicalDatatype>
<ownDataTypeParameters>,,</ownDataTypeParameters>
</Attribute>
<Attribute name="CD_FILIAL" id="83664306-1864-1819-C361-D2F74D9A11FE">
<createdBy>labsfiap</createdBy>
<createdTime>2025-05-07 23:11:53 UTC</createdTime>
<generatorID>95B7DFA0-2E8D-81FB-5EE3-740591907565</generatorID>
<ownerDesignName>BD_MotoMap</ownerDesignName>
<engineerTo>
<item key="98F1973A-BD97-A1C3-3C13-E6145DC83514" value="true"/>
</engineerTo>
<referedAttribute>9A6042D6-E5DE-E5EA-9765-EDC38DCF6604</referedAttribute>
<useDomainConstraints>false</useDomainConstraints>
<use>1</use>
<logicalDatatype>LOGDT019</logicalDatatype>
<dataTypePrecision>8</dataTypePrecision>
<ownDataTypeParameters>,8,</ownDataTypeParameters>
</Attribute>
</attributes>
<identifiers itemClass="oracle.dbtools.crest.model.design.logical.CandidateKey">
<identifier id="21CB3845-CACB-CF77-CEB8-D4023E4B16BA" name="PK_HISTORICO">
<createdBy>User</createdBy>
<createdTime>2025-05-05 01:21:45 UTC</createdTime>
<ownerDesignName>BD_MotoMap</ownerDesignName>
<shouldEngineer>false</shouldEngineer>
<engineerTo>
<item key="98F1973A-BD97-A1C3-3C13-E6145DC83514" value="false"/>
</engineerTo>
<pk>true</pk>
<newElementsIDs>CD4877A9-0D84-EDE5-013F-478BE98231A9</newElementsIDs>
<usedAttributes>
<attributeRef>CD4877A9-0D84-EDE5-013F-478BE98231A9</attributeRef>
</usedAttributes>
</identifier>
</identifiers>
</Entity>
