<?xml version = '1.0' encoding = 'UTF-8'?>
<Entity class="oracle.dbtools.crest.model.design.logical.Entity" directorySegmentName="seg_0" id="BA8A7EB2-0ABB-AF9F-E319-672F8D834344" name="T_MM_PROBLEMA">
<createdBy>User</createdBy>
<createdTime>2025-05-05 01:25:58 UTC</createdTime>
<ownerDesignName>BD_MotoMap</ownerDesignName>
<engineerTo>
<item key="98F1973A-BD97-A1C3-3C13-E6145DC83514" value="true"/>
</engineerTo>
<adequatelyNormalized>NO</adequatelyNormalized>
<expectedVolumes>0</expectedVolumes>
<fwdEngineeringStrategyName>Single Table</fwdEngineeringStrategyName>
<growthPercent>0</growthPercent>
<growthType>Year</growthType>
<maxVolumes>9999999</maxVolumes>
<minVolumes>0</minVolumes>
<normalForm>Third</normalForm>
<attributes itemClass="oracle.dbtools.crest.model.design.logical.Attribute">
<Attribute name="CD_PROBLEMA" id="83FC47CE-9341-0B96-D486-82A93642FA85">
<createdBy>User</createdBy>
<createdTime>2025-05-05 01:26:12 UTC</createdTime>
<ownerDesignName>BD_MotoMap</ownerDesignName>
<engineerTo>
<item key="98F1973A-BD97-A1C3-3C13-E6145DC83514" value="true"/>
</engineerTo>
<useDomainConstraints>false</useDomainConstraints>
<use>1</use>
<logicalDatatype>LOGDT019</logicalDatatype>
<dataTypePrecision>9</dataTypePrecision>
<ownDataTypeParameters>,9,</ownDataTypeParameters>
</Attribute>
<Attribute name="CD_MOTO" id="0960D0DC-1323-18AF-B118-4FD135E44245">
<createdBy>labsfiap</createdBy>
<createdTime>2025-05-07 23:08:31 UTC</createdTime>
<generatorID>74D2E976-3292-4EBB-DBC5-369450462187</generatorID>
<ownerDesignName>BD_MotoMap</ownerDesignName>
<engineerTo>
<item key="98F1973A-BD97-A1C3-3C13-E6145DC83514" value="true"/>
</engineerTo>
<referedAttribute>F8F6B356-ED08-38F3-7421-38C28D7A3E4A</referedAttribute>
<useDomainConstraints>false</useDomainConstraints>
<use>1</use>
<logicalDatatype>LOGDT019</logicalDatatype>
<dataTypePrecision>9</dataTypePrecision>
<ownDataTypeParameters>,,</ownDataTypeParameters>
</Attribute>
<Attribute name="CD_USUARIO" id="73069CA8-EFCF-365B-E8EF-E5DEE5699125">
<createdBy>labsfiap</createdBy>
<createdTime>2025-05-07 23:08:12 UTC</createdTime>
<generatorID>F1CFBAA3-7F5E-FC13-ABBD-C40C1BC576E3</generatorID>
<ownerDesignName>BD_MotoMap</ownerDesignName>
<engineerTo>
<item key="98F1973A-BD97-A1C3-3C13-E6145DC83514" value="true"/>
</engineerTo>
<referedAttribute>A830439B-C8B7-58DF-C791-5B21F46ED3CD</referedAttribute>
<useDomainConstraints>false</useDomainConstraints>
<use>1</use>
<logicalDatatype>LOGDT019</logicalDatatype>
<dataTypePrecision>9</dataTypePrecision>
<ownDataTypeParameters>,,</ownDataTypeParameters>
</Attribute>
<Attribute name="DS_TIPO" id="4A4CC418-CC5A-4306-5F06-61E3C24442B0">
<createdBy>User</createdBy>
<createdTime>2025-05-05 01:28:23 UTC</createdTime>
<ownerDesignName>BD_MotoMap</ownerDesignName>
<engineerTo>
<item key="98F1973A-BD97-A1C3-3C13-E6145DC83514" value="true"/>
</engineerTo>
<useDomainConstraints>false</useDomainConstraints>
<use>1</use>
<logicalDatatype>LOGDT024</logicalDatatype>
<dataTypeSize>20</dataTypeSize>
<ownDataTypeParameters>20,,</ownDataTypeParameters>
</Attribute>
<Attribute name="DS_DESCRICAO" id="63C1F074-C2AB-8BCB-1D7E-7229FD5D09BE">
<createdBy>User</createdBy>
<createdTime>2025-05-05 01:29:25 UTC</createdTime>
<ownerDesignName>BD_MotoMap</ownerDesignName>
<engineerTo>
<item key="98F1973A-BD97-A1C3-3C13-E6145DC83514" value="true"/>
</engineerTo>
<useDomainConstraints>false</useDomainConstraints>
<use>1</use>
<logicalDatatype>LOGDT024</logicalDatatype>
<dataTypeSize>255</dataTypeSize>
<ownDataTypeParameters>255,,</ownDataTypeParameters>
</Attribute>
<Attribute name="DT_REGISTRO" id="1AE1B64B-C372-6600-C332-CF6FB1817445">
<createdBy>User</createdBy>
<createdTime>2025-05-05 01:28:55 UTC</createdTime>
<ownerDesignName>BD_MotoMap</ownerDesignName>
<engineerTo>
<item key="98F1973A-BD97-A1C3-3C13-E6145DC83514" value="true"/>
</engineerTo>
<useDomainConstraints>false</useDomainConstraints>
<use>1</use>
<logicalDatatype>LOGDT007</logicalDatatype>
<ownDataTypeParameters>,,</ownDataTypeParameters>
</Attribute>
<Attribute name="DS_RESOLVIDO" id="A12F154D-13CD-8EC7-4C67-E6F6387E2DDC">
<createdBy>User</createdBy>
<createdTime>2025-05-05 01:32:52 UTC</createdTime>
<ownerDesignName>BD_MotoMap</ownerDesignName>
<engineerTo>
<item key="98F1973A-BD97-A1C3-3C13-E6145DC83514" value="true"/>
</engineerTo>
<useDomainConstraints>false</useDomainConstraints>
<use>1</use>
<logicalDatatype>LOGDT019</logicalDatatype>
<dataTypePrecision>1</dataTypePrecision>
<ownDataTypeParameters>,1,</ownDataTypeParameters>
</Attribute>
<Attribute name="CD_FILIAL" id="6A483905-8591-E1F9-2063-D56D09D04FB4">
<createdBy>labsfiap</createdBy>
<createdTime>2025-05-07 23:08:31 UTC</createdTime>
<generatorID>74D2E976-3292-4EBB-DBC5-369450462187</generatorID>
<ownerDesignName>BD_MotoMap</ownerDesignName>
<engineerTo>
<item key="98F1973A-BD97-A1C3-3C13-E6145DC83514" value="true"/>
</engineerTo>
<referedAttribute>9A6042D6-E5DE-E5EA-9765-EDC38DCF6604</referedAttribute>
<useDomainConstraints>false</useDomainConstraints>
<use>1</use>
<logicalDatatype>LOGDT019</logicalDatatype>
<dataTypePrecision>8</dataTypePrecision>
<ownDataTypeParameters>,8,</ownDataTypeParameters>
</Attribute>
</attributes>
<identifiers itemClass="oracle.dbtools.crest.model.design.logical.CandidateKey">
<identifier id="BC1A4F81-0458-E48F-A7CD-6F90FE3054A6" name="PK_PROBLEMA">
<createdBy>User</createdBy>
<createdTime>2025-05-05 01:26:50 UTC</createdTime>
<ownerDesignName>BD_MotoMap</ownerDesignName>
<shouldEngineer>false</shouldEngineer>
<engineerTo>
<item key="98F1973A-BD97-A1C3-3C13-E6145DC83514" value="false"/>
</engineerTo>
<pk>true</pk>
<newElementsIDs>83FC47CE-9341-0B96-D486-82A93642FA85</newElementsIDs>
<usedAttributes>
<attributeRef>83FC47CE-9341-0B96-D486-82A93642FA85</attributeRef>
</usedAttributes>
</identifier>
</identifiers>
</Entity>
