<?xml version = '1.0' encoding = 'UTF-8'?>
<Table class="oracle.dbtools.crest.model.design.relational.Table" directorySegmentName="seg_0" id="8AB340AD-A2DC-EA4B-C789-AC50074542ED" name="T_MM_MOTO">
<createdBy>labsfiap</createdBy>
<createdTime>2025-05-07 23:12:51 UTC</createdTime>
<generatorID>C1821C4A-7387-6A4C-98E4-6774A0467486</generatorID>
<ownerDesignName>BD_MotoMap</ownerDesignName>
<allowColumnReorder>false</allowColumnReorder>
<existDependencyGenerateInDDl>true</existDependencyGenerateInDDl>
<parsed>true</parsed>
<columns itemClass="oracle.dbtools.crest.model.design.relational.Column">
<Column name="CD_MOTO" id="71FD4685-BCDF-E64F-7AE0-A870BE850274">
<createdBy>labsfiap</createdBy>
<createdTime>2025-05-07 23:12:51 UTC</createdTime>
<generatorID>F8F6B356-ED08-38F3-7421-38C28D7A3E4A</generatorID>
<ownerDesignName>BD_MotoMap</ownerDesignName>
<useDomainConstraints>false</useDomainConstraints>
<use>1</use>
<logicalDatatype>LOGDT019</logicalDatatype>
<dataTypePrecision>9</dataTypePrecision>
<ownDataTypeParameters>,9,</ownDataTypeParameters>
<autoIncrementCycle>false</autoIncrementCycle>
</Column>
<Column name="T_MM_FILIAL_CD_FILIAL" id="81B14E81-3F40-F1A7-5035-FAFAF0CB6BE2">
<createdBy>labsfiap</createdBy>
<createdTime>2025-05-07 23:12:51 UTC</createdTime>
<generatorID>E7165272-9FB8-1A08-6BD2-C58B4D6335A3</generatorID>
<ownerDesignName>BD_MotoMap</ownerDesignName>
<useDomainConstraints>false</useDomainConstraints>
<use>1</use>
<logicalDatatype>LOGDT019</logicalDatatype>
<dataTypePrecision>8</dataTypePrecision>
<ownDataTypeParameters>,8,</ownDataTypeParameters>
<previousColumn>false</previousColumn>
<autoIncrementCycle>false</autoIncrementCycle>
<associations>
<colAssociation fkAssociation="ACA9620D-3FA7-45FA-4691-F46F1E542296" referredColumn="69833CBC-B836-233F-AD18-0AFEF2689ACA"/>
</associations>
</Column>
<Column name="DS_PLACA" id="FF7E5F67-0880-5210-A5F7-6ACE51E3F84D">
<createdBy>labsfiap</createdBy>
<createdTime>2025-05-07 23:12:51 UTC</createdTime>
<generatorID>1C23853D-F7F9-ADA6-9FDA-698EC67B6334</generatorID>
<ownerDesignName>BD_MotoMap</ownerDesignName>
<nullsAllowed>true</nullsAllowed>
<useDomainConstraints>false</useDomainConstraints>
<use>1</use>
<logicalDatatype>LOGDT024</logicalDatatype>
<dataTypeSize>8</dataTypeSize>
<ownDataTypeParameters>8,,</ownDataTypeParameters>
<autoIncrementCycle>false</autoIncrementCycle>
</Column>
<Column name="DS_CHASSI" id="B880F2C7-41DF-ABCD-2921-BDAA5DE768C9">
<createdBy>labsfiap</createdBy>
<createdTime>2025-05-07 23:12:51 UTC</createdTime>
<generatorID>D174AC5C-CC65-A0A2-3C70-4C3CB003E492</generatorID>
<ownerDesignName>BD_MotoMap</ownerDesignName>
<nullsAllowed>true</nullsAllowed>
<useDomainConstraints>false</useDomainConstraints>
<use>1</use>
<logicalDatatype>LOGDT024</logicalDatatype>
<dataTypeSize>17</dataTypeSize>
<ownDataTypeParameters>17,,</ownDataTypeParameters>
<autoIncrementCycle>false</autoIncrementCycle>
</Column>
<Column name="NM_MODELO" id="4A2A92E1-A457-3AAA-4A81-BE7AC4024849">
<createdBy>labsfiap</createdBy>
<createdTime>2025-05-07 23:12:51 UTC</createdTime>
<generatorID>9336CD10-1FDE-EC9E-0590-080C58B15967</generatorID>
<ownerDesignName>BD_MotoMap</ownerDesignName>
<useDomainConstraints>false</useDomainConstraints>
<use>1</use>
<logicalDatatype>LOGDT024</logicalDatatype>
<dataTypeSize>50</dataTypeSize>
<ownDataTypeParameters>50,,</ownDataTypeParameters>
<autoIncrementCycle>false</autoIncrementCycle>
</Column>
<Column name="NR_ANO" id="DB8B864A-088A-8F2D-8294-70941FEE2FB0">
<createdBy>labsfiap</createdBy>
<createdTime>2025-05-07 23:12:51 UTC</createdTime>
<generatorID>D34992A2-FB79-8E2B-6BE2-360217EF3B66</generatorID>
<ownerDesignName>BD_MotoMap</ownerDesignName>
<useDomainConstraints>false</useDomainConstraints>
<use>1</use>
<logicalDatatype>LOGDT019</logicalDatatype>
<dataTypePrecision>4</dataTypePrecision>
<ownDataTypeParameters>,4,</ownDataTypeParameters>
<autoIncrementCycle>false</autoIncrementCycle>
</Column>
<Column name="DS_STATUS" id="85C69F1F-D12B-B65F-2A86-716ADE0A9656">
<createdBy>labsfiap</createdBy>
<createdTime>2025-05-07 23:12:51 UTC</createdTime>
<comment><![CDATA["Ativa", "Inativa", etc.]]></comment>
<generatorID>AD8B2E24-9E89-60D3-062C-E8F49F30238B</generatorID>
<ownerDesignName>BD_MotoMap</ownerDesignName>
<useDomainConstraints>false</useDomainConstraints>
<use>1</use>
<logicalDatatype>LOGDT024</logicalDatatype>
<dataTypeSize>20</dataTypeSize>
<ownDataTypeParameters>20,,</ownDataTypeParameters>
<autoIncrementCycle>false</autoIncrementCycle>
</Column>
</columns>
<indexes itemClass="oracle.dbtools.crest.model.design.relational.Index">
<ind_PK_UK id="4D63C8B9-5B5E-AA65-E30F-3531803B625E" name="T_MM_MOTO_PK">
<createdBy>labsfiap</createdBy>
<createdTime>2025-05-07 23:12:51 UTC</createdTime>
<generatorID>40678E38-CE6B-A158-D765-6ADD674A7D80</generatorID>
<ownerDesignName>BD_MotoMap</ownerDesignName>
<pk>true</pk>
<indexState>Primary Constraint</indexState>
<isSurrogateKey>false</isSurrogateKey>
<indexColumnUsage>
<colUsage columnID="71FD4685-BCDF-E64F-7AE0-A870BE850274"/>
</indexColumnUsage>
</ind_PK_UK>
<ind_PK_UK id="BCCE14AE-1235-E6E6-0FA1-A1EE0E03F5E4" name="T_MM_MOTO_T_MM_FILIAL_FK">
<createdBy>labsfiap</createdBy>
<createdTime>2025-05-07 23:12:51 UTC</createdTime>
<generatorID>1AC975D4-CD65-020A-ECDB-65454BB26D22</generatorID>
<ownerDesignName>BD_MotoMap</ownerDesignName>
<indexState>Foreign Key</indexState>
<isSurrogateKey>false</isSurrogateKey>
<indexColumnUsage>
<colUsage columnID="81B14E81-3F40-F1A7-5035-FAFAF0CB6BE2"/>
</indexColumnUsage>
</ind_PK_UK>
</indexes>
</Table>
