<?xml version = '1.0' encoding = 'UTF-8'?>
<Relation class="oracle.dbtools.crest.model.design.logical.Relation" name="FK_CD_USUARIO" directorySegmentName="seg_0" id="0DD57813-E3B7-40B4-1F57-DCE07F218F59">
<createdBy>labsfiap</createdBy>
<createdTime>2025-05-07 23:04:06 UTC</createdTime>
<ownerDesignName>BD_MotoMap</ownerDesignName>
<engineerTo>
<item key="98F1973A-BD97-A1C3-3C13-E6145DC83514" value="true"/>
</engineerTo>
<sourcePk>D1944B8D-A868-24C5-3075-2CBF59A48FB5</sourcePk>
<identifying>false</identifying>
<optionalSource>true</optionalSource>
<optionalTarget>false</optionalTarget>
<sourceCardinality>1</sourceCardinality>
<sourceEntity>95379905-B7E1-D45E-DE26-80001BB6E52C</sourceEntity>
<targetCardinalityString>*</targetCardinalityString>
<targetEntity>E30CFE71-DE44-BA14-0DF2-62E9DC14E5C4</targetEntity>
<transferable>true</transferable>
<deleteRule>NO ACTION</deleteRule>
</Relation>
