<?xml version = '1.0' encoding = 'UTF-8'?>
<Relation class="oracle.dbtools.crest.model.design.logical.Relation" name="FK_CD_FILIALv2" directorySegmentName="seg_0" id="1AC975D4-CD65-020A-ECDB-65454BB26D22">
<createdBy>labsfiap</createdBy>
<createdTime>2025-05-07 22:59:48 UTC</createdTime>
<ownerDesignName>BD_MotoMap</ownerDesignName>
<engineerTo>
<item key="98F1973A-BD97-A1C3-3C13-E6145DC83514" value="true"/>
</engineerTo>
<sourcePk>9CC3CAEE-6DFE-F7B6-5676-689323A4F0FC</sourcePk>
<identifying>false</identifying>
<nameOnTarget>CD_FILIAL</nameOnTarget>
<optionalSource>true</optionalSource>
<optionalTarget>false</optionalTarget>
<sourceCardinality>1</sourceCardinality>
<sourceEntity>F7CC4AF3-2B75-BE1B-2F6F-4A606E7B7A85</sourceEntity>
<targetCardinalityString>*</targetCardinalityString>
<targetEntity>C1821C4A-7387-6A4C-98E4-6774A0467486</targetEntity>
<transferable>true</transferable>
<deleteRule>NO ACTION</deleteRule>
</Relation>
