<?xml version = '1.0' encoding = 'UTF-8'?>
<relationalModel class="oracle.dbtools.crest.model.design.relational.RelationalDesign" name="Relational_1" id="98F1973A-BD97-A1C3-3C13-E6145DC83514" mainViewID="291FEFBB-3BC1-D189-8B29-5E16FEFC93D7">
<createdBy>User</createdBy>
<createdTime>2025-05-01 23:21:44 UTC</createdTime>
<ownerDesignName>bd-inicial</ownerDesignName>
<shouldBeOpen>false</shouldBeOpen>
<selectedRDBMSSite>32076570-2523-435C-2E92-BF29817DFF70</selectedRDBMSSite>
</relationalModel>