<?xml version = '1.0' encoding = 'UTF-8'?>
<Entity class="oracle.dbtools.crest.model.design.logical.Entity" directorySegmentName="seg_0" id="95379905-B7E1-D45E-DE26-80001BB6E52C" name="T_MM_USUARIO">
<createdBy>User</createdBy>
<createdTime>2025-05-01 23:56:01 UTC</createdTime>
<ownerDesignName>BD_MotoMap</ownerDesignName>
<engineerTo>
<item key="98F1973A-BD97-A1C3-3C13-E6145DC83514" value="true"/>
</engineerTo>
<adequatelyNormalized>NO</adequatelyNormalized>
<expectedVolumes>0</expectedVolumes>
<fwdEngineeringStrategyName>Single Table</fwdEngineeringStrategyName>
<growthPercent>0</growthPercent>
<growthType>Year</growthType>
<maxVolumes>9999999</maxVolumes>
<minVolumes>0</minVolumes>
<normalForm>Third</normalForm>
<attributes itemClass="oracle.dbtools.crest.model.design.logical.Attribute">
<Attribute name="CD_USUARIO" id="A830439B-C8B7-58DF-C791-5B21F46ED3CD">
<createdBy>User</createdBy>
<createdTime>2025-05-02 00:07:51 UTC</createdTime>
<ownerDesignName>BD_MotoMap</ownerDesignName>
<engineerTo>
<item key="98F1973A-BD97-A1C3-3C13-E6145DC83514" value="true"/>
</engineerTo>
<useDomainConstraints>false</useDomainConstraints>
<use>1</use>
<logicalDatatype>LOGDT019</logicalDatatype>
<dataTypePrecision>9</dataTypePrecision>
<ownDataTypeParameters>,9,</ownDataTypeParameters>
</Attribute>
<Attribute name="CD_FILIAL" id="93A58DB3-A40A-C2EC-39C9-0353324ACA43">
<createdBy>labsfiap</createdBy>
<createdTime>2025-05-07 22:59:19 UTC</createdTime>
<generatorID>ED42BE2C-888F-D9E0-5B92-CEDA2DBBA486</generatorID>
<ownerDesignName>BD_MotoMap</ownerDesignName>
<engineerTo>
<item key="98F1973A-BD97-A1C3-3C13-E6145DC83514" value="true"/>
</engineerTo>
<referedAttribute>C069E5A2-11B0-E8FB-8613-FF27D909E467</referedAttribute>
<useDomainConstraints>false</useDomainConstraints>
<use>1</use>
<logicalDatatype>LOGDT019</logicalDatatype>
<dataTypePrecision>8</dataTypePrecision>
<ownDataTypeParameters>,,</ownDataTypeParameters>
</Attribute>
<Attribute name="NM_USUARIO" id="E7A7D0F5-C418-187B-CF78-C77BDAB1ACF2">
<createdBy>User</createdBy>
<createdTime>2025-05-02 00:08:55 UTC</createdTime>
<ownerDesignName>BD_MotoMap</ownerDesignName>
<engineerTo>
<item key="98F1973A-BD97-A1C3-3C13-E6145DC83514" value="true"/>
</engineerTo>
<useDomainConstraints>false</useDomainConstraints>
<use>1</use>
<logicalDatatype>LOGDT024</logicalDatatype>
<dataTypeSize>150</dataTypeSize>
<ownDataTypeParameters>150,,</ownDataTypeParameters>
</Attribute>
<Attribute name="DS_EMAIL" id="1935F0AA-4F9B-C575-4DF6-B25820D64567">
<createdBy>User</createdBy>
<createdTime>2025-05-02 00:09:54 UTC</createdTime>
<ownerDesignName>BD_MotoMap</ownerDesignName>
<engineerTo>
<item key="98F1973A-BD97-A1C3-3C13-E6145DC83514" value="true"/>
</engineerTo>
<useDomainConstraints>false</useDomainConstraints>
<use>1</use>
<logicalDatatype>LOGDT024</logicalDatatype>
<dataTypeSize>100</dataTypeSize>
<ownDataTypeParameters>100,,</ownDataTypeParameters>
</Attribute>
<Attribute name="DS_SENHA" id="A0C6B60B-3B9E-C6DC-2430-569CCCD691E5">
<createdBy>User</createdBy>
<createdTime>2025-05-02 00:10:20 UTC</createdTime>
<ownerDesignName>BD_MotoMap</ownerDesignName>
<engineerTo>
<item key="98F1973A-BD97-A1C3-3C13-E6145DC83514" value="true"/>
</engineerTo>
<useDomainConstraints>false</useDomainConstraints>
<use>1</use>
<logicalDatatype>LOGDT024</logicalDatatype>
<dataTypeSize>200</dataTypeSize>
<ownDataTypeParameters>200,,</ownDataTypeParameters>
</Attribute>
<Attribute name="DS_TIPO" id="64C4AE23-B15D-FCB1-2210-82F67D40E251">
<createdBy>User</createdBy>
<createdTime>2025-05-02 00:10:54 UTC</createdTime>
<ownerDesignName>BD_MotoMap</ownerDesignName>
<engineerTo>
<item key="98F1973A-BD97-A1C3-3C13-E6145DC83514" value="true"/>
</engineerTo>
<useDomainConstraints>false</useDomainConstraints>
<use>1</use>
<logicalDatatype>LOGDT024</logicalDatatype>
<dataTypeSize>20</dataTypeSize>
<ownDataTypeParameters>20,,</ownDataTypeParameters>
</Attribute>
</attributes>
<identifiers itemClass="oracle.dbtools.crest.model.design.logical.CandidateKey">
<identifier id="D1944B8D-A868-24C5-3075-2CBF59A48FB5" name="PK_USUARIO">
<createdBy>User</createdBy>
<createdTime>2025-05-02 00:11:56 UTC</createdTime>
<ownerDesignName>BD_MotoMap</ownerDesignName>
<engineerTo>
<item key="98F1973A-BD97-A1C3-3C13-E6145DC83514" value="true"/>
</engineerTo>
<pk>true</pk>
<newElementsIDs>A830439B-C8B7-58DF-C791-5B21F46ED3CD</newElementsIDs>
<usedAttributes>
<attributeRef>A830439B-C8B7-58DF-C791-5B21F46ED3CD</attributeRef>
</usedAttributes>
</identifier>
</identifiers>
</Entity>
