<?xml version = '1.0' encoding = 'UTF-8'?>
<Entity class="oracle.dbtools.crest.model.design.logical.Entity" directorySegmentName="seg_0" id="C1821C4A-7387-6A4C-98E4-6774A0467486" name="T_MM_MOTO">
<createdBy>User</createdBy>
<createdTime>2025-05-01 23:40:29 UTC</createdTime>
<ownerDesignName>BD_MotoMap</ownerDesignName>
<engineerTo>
<item key="98F1973A-BD97-A1C3-3C13-E6145DC83514" value="true"/>
</engineerTo>
<adequatelyNormalized>NO</adequatelyNormalized>
<expectedVolumes>0</expectedVolumes>
<fwdEngineeringStrategyName>Single Table</fwdEngineeringStrategyName>
<growthPercent>0</growthPercent>
<growthType>Year</growthType>
<maxVolumes>9999999</maxVolumes>
<minVolumes>0</minVolumes>
<normalForm>Third</normalForm>
<attributes itemClass="oracle.dbtools.crest.model.design.logical.Attribute">
<Attribute name="CD_MOTO" id="F8F6B356-ED08-38F3-7421-38C28D7A3E4A">
<createdBy>User</createdBy>
<createdTime>2025-05-01 23:41:00 UTC</createdTime>
<ownerDesignName>BD_MotoMap</ownerDesignName>
<engineerTo>
<item key="98F1973A-BD97-A1C3-3C13-E6145DC83514" value="true"/>
</engineerTo>
<useDomainConstraints>false</useDomainConstraints>
<use>1</use>
<logicalDatatype>LOGDT019</logicalDatatype>
<dataTypePrecision>9</dataTypePrecision>
<ownDataTypeParameters>,9,</ownDataTypeParameters>
</Attribute>
<Attribute name="CD_FILIAL" id="E7165272-9FB8-1A08-6BD2-C58B4D6335A3">
<createdBy>labsfiap</createdBy>
<createdTime>2025-05-07 22:59:48 UTC</createdTime>
<generatorID>1AC975D4-CD65-020A-ECDB-65454BB26D22</generatorID>
<ownerDesignName>BD_MotoMap</ownerDesignName>
<engineerTo>
<item key="98F1973A-BD97-A1C3-3C13-E6145DC83514" value="true"/>
</engineerTo>
<referedAttribute>C069E5A2-11B0-E8FB-8613-FF27D909E467</referedAttribute>
<useDomainConstraints>false</useDomainConstraints>
<use>1</use>
<logicalDatatype>LOGDT019</logicalDatatype>
<dataTypePrecision>8</dataTypePrecision>
<ownDataTypeParameters>,8,</ownDataTypeParameters>
</Attribute>
<Attribute name="DS_PLACA" id="1C23853D-F7F9-ADA6-9FDA-698EC67B6334">
<createdBy>User</createdBy>
<createdTime>2025-05-01 23:42:08 UTC</createdTime>
<ownerDesignName>BD_MotoMap</ownerDesignName>
<engineerTo>
<item key="98F1973A-BD97-A1C3-3C13-E6145DC83514" value="true"/>
</engineerTo>
<nullsAllowed>true</nullsAllowed>
<useDomainConstraints>false</useDomainConstraints>
<use>1</use>
<logicalDatatype>LOGDT024</logicalDatatype>
<dataTypeSize>8</dataTypeSize>
<ownDataTypeParameters>8,,</ownDataTypeParameters>
</Attribute>
<Attribute name="DS_CHASSI" id="D174AC5C-CC65-A0A2-3C70-4C3CB003E492">
<createdBy>User</createdBy>
<createdTime>2025-05-02 01:32:04 UTC</createdTime>
<ownerDesignName>BD_MotoMap</ownerDesignName>
<engineerTo>
<item key="98F1973A-BD97-A1C3-3C13-E6145DC83514" value="true"/>
</engineerTo>
<nullsAllowed>true</nullsAllowed>
<useDomainConstraints>false</useDomainConstraints>
<use>1</use>
<logicalDatatype>LOGDT024</logicalDatatype>
<dataTypeSize>17</dataTypeSize>
<ownDataTypeParameters>17,,</ownDataTypeParameters>
</Attribute>
<Attribute name="NM_MODELO" id="9336CD10-1FDE-EC9E-0590-080C58B15967">
<createdBy>User</createdBy>
<createdTime>2025-05-01 23:42:49 UTC</createdTime>
<ownerDesignName>BD_MotoMap</ownerDesignName>
<engineerTo>
<item key="98F1973A-BD97-A1C3-3C13-E6145DC83514" value="true"/>
</engineerTo>
<useDomainConstraints>false</useDomainConstraints>
<use>1</use>
<logicalDatatype>LOGDT024</logicalDatatype>
<dataTypeSize>50</dataTypeSize>
<ownDataTypeParameters>50,,</ownDataTypeParameters>
</Attribute>
<Attribute name="NR_ANO" id="D34992A2-FB79-8E2B-6BE2-360217EF3B66">
<createdBy>User</createdBy>
<createdTime>2025-05-01 23:43:34 UTC</createdTime>
<ownerDesignName>BD_MotoMap</ownerDesignName>
<engineerTo>
<item key="98F1973A-BD97-A1C3-3C13-E6145DC83514" value="true"/>
</engineerTo>
<useDomainConstraints>false</useDomainConstraints>
<use>1</use>
<logicalDatatype>LOGDT019</logicalDatatype>
<dataTypePrecision>4</dataTypePrecision>
<ownDataTypeParameters>,4,</ownDataTypeParameters>
</Attribute>
<Attribute name="DS_STATUS" id="AD8B2E24-9E89-60D3-062C-E8F49F30238B">
<createdBy>User</createdBy>
<createdTime>2025-05-01 23:44:05 UTC</createdTime>
<comment><![CDATA["Ativa", "Inativa", etc.]]></comment>
<ownerDesignName>BD_MotoMap</ownerDesignName>
<engineerTo>
<item key="98F1973A-BD97-A1C3-3C13-E6145DC83514" value="true"/>
</engineerTo>
<useDomainConstraints>false</useDomainConstraints>
<use>1</use>
<logicalDatatype>LOGDT024</logicalDatatype>
<dataTypeSize>20</dataTypeSize>
<ownDataTypeParameters>20,,</ownDataTypeParameters>
</Attribute>
</attributes>
<identifiers itemClass="oracle.dbtools.crest.model.design.logical.CandidateKey">
<identifier id="40678E38-CE6B-A158-D765-6ADD674A7D80" name="PK_MOTO">
<createdBy>User</createdBy>
<createdTime>2025-05-01 23:45:03 UTC</createdTime>
<ownerDesignName>BD_MotoMap</ownerDesignName>
<shouldEngineer>false</shouldEngineer>
<engineerTo>
<item key="98F1973A-BD97-A1C3-3C13-E6145DC83514" value="false"/>
</engineerTo>
<pk>true</pk>
<newElementsIDs>F8F6B356-ED08-38F3-7421-38C28D7A3E4A</newElementsIDs>
<usedAttributes>
<attributeRef>F8F6B356-ED08-38F3-7421-38C28D7A3E4A</attributeRef>
</usedAttributes>
</identifier>
</identifiers>
</Entity>
