<?xml version = '1.0' encoding = 'UTF-8'?>
<Relation class="oracle.dbtools.crest.model.design.logical.Relation" name="FK_CD_PATIO" directorySegmentName="seg_0" id="3B37A100-7E05-5799-F000-D364B98B0670">
<createdBy>labsfiap</createdBy>
<createdTime>2025-05-07 23:10:22 UTC</createdTime>
<ownerDesignName>BD_MotoMap</ownerDesignName>
<engineerTo>
<item key="98F1973A-BD97-A1C3-3C13-E6145DC83514" value="true"/>
</engineerTo>
<sourcePk>E0E46AEA-EE05-211A-708C-B78428295FF8</sourcePk>
<identifying>false</identifying>
<nameOnTarget>CD_PATIO</nameOnTarget>
<optionalSource>true</optionalSource>
<optionalTarget>false</optionalTarget>
<sourceCardinality>1</sourceCardinality>
<sourceEntity>EAC17B87-C230-59A1-6F42-4671B55D0064</sourceEntity>
<targetCardinalityString>*</targetCardinalityString>
<targetEntity>5FE91113-4F30-EAC5-1C81-7979F4DF378E</targetEntity>
<transferable>true</transferable>
<deleteRule>NO ACTION</deleteRule>
</Relation>
