<?xml version = '1.0' encoding = 'UTF-8'?>
<FKIndexAssociation class="oracle.dbtools.crest.model.design.relational.FKIndexAssociation" directorySegmentName="seg_0" id="A52DD657-0FB7-BAF9-0D71-3EB214289DAD" containerWithKeyObject="0139490B-E587-E755-5822-4D175A4224B2" localFKIndex="F9F556AE-3C4F-3549-BB91-3A81051EE775" name="T_MM_MOVIMENTACAO_T_MM_MOTO_FK">
<createdBy>labsfiap</createdBy>
<createdTime>2025-05-07 23:12:51 UTC</createdTime>
<generatorID>42A69EDE-BE21-6E0C-B808-FE7549AFBD96</generatorID>
<ownerDesignName>BD_MotoMap</ownerDesignName>
<referredTableLongName>T_MM_MOTO</referredTableLongName>
<deleteRule>NO ACTION</deleteRule>
<referredTableID>8AB340AD-A2DC-EA4B-C789-AC50074542ED</referredTableID>
<keyObject>4D63C8B9-5B5E-AA65-E30F-3531803B625E</keyObject>
<referredKeyID>4D63C8B9-5B5E-AA65-E30F-3531803B625E</referredKeyID>
<mandatory>true</mandatory>
<refColNames>CD_MOTO</refColNames>
<transferable>true</transferable>
<rely>false</rely>
<columnDependencyConstraintGenerateInDDL>true</columnDependencyConstraintGenerateInDDL>
</FKIndexAssociation>
