<?xml version = '1.0' encoding = 'UTF-8'?>
<Diagram class="oracle.dbtools.crest.swingui.logical.DPVLogical" name="Logical" id="A37FCE16-430B-4091-7395-E30AECBFD198">
<createdBy>User</createdBy>
<modifiedBy>User</modifiedBy>
<createdTime>2025-05-01 23:22:49 UTC</createdTime>
<autoRoute>false</autoRoute>
<boxInbox>true</boxInbox>
<showLegend>false</showLegend>
<showLabels>false</showLabels>
<showRelAttributes>false</showRelAttributes>
<gridEnabled>false</gridEnabled>
<showGrid>false</showGrid>
<diagramColor>-1</diagramColor>
<display>false</display>
<notation>1</notation>
<objectViews>
<OView class="oracle.dbtools.crest.swingui.logical.TVEntity" oid="5FE91113-4F30-EAC5-1C81-7979F4DF378E" otype="Entity" vid="6CCC7959-A3BD-E529-08B8-3FE22755839F">
<hideElementsInCurrentOnly>false</hideElementsInCurrentOnly>
<bounds x="595" y="448" width="170" height="110"/>
</OView>
<OView class="oracle.dbtools.crest.swingui.logical.TVEntity" oid="95379905-B7E1-D45E-DE26-80001BB6E52C" otype="Entity" vid="73DB4E97-4A14-AAC8-125A-225F3937C043">
<hideElementsInCurrentOnly>false</hideElementsInCurrentOnly>
<bounds x="50" y="215" width="170" height="110"/>
</OView>
<OView class="oracle.dbtools.crest.swingui.logical.TVEntity" oid="BA8A7EB2-0ABB-AF9F-E319-672F8D834344" otype="Entity" vid="83B9EE00-2AFC-29FD-A167-1C352DF4C951">
<hideElementsInCurrentOnly>false</hideElementsInCurrentOnly>
<bounds x="319" y="437" width="170" height="132"/>
</OView>
<OView class="oracle.dbtools.crest.swingui.logical.TVEntity" oid="C1821C4A-7387-6A4C-98E4-6774A0467486" otype="Entity" vid="45815728-D3D3-9547-E024-FB60E55C7A20">
<hideElementsInCurrentOnly>false</hideElementsInCurrentOnly>
<bounds x="304" y="210" width="170" height="120"/>
</OView>
<OView class="oracle.dbtools.crest.swingui.logical.TVEntity" oid="E30CFE71-DE44-BA14-0DF2-62E9DC14E5C4" otype="Entity" vid="C36B0967-5C27-6C63-B9EE-63E04253EBE3">
<hideElementsInCurrentOnly>false</hideElementsInCurrentOnly>
<bounds x="60" y="445" width="170" height="110"/>
</OView>
<OView class="oracle.dbtools.crest.swingui.logical.TVEntity" oid="EAC17B87-C230-59A1-6F42-4671B55D0064" otype="Entity" vid="07E7ED9E-6991-5D0B-FB39-3366D18B1CD4">
<hideElementsInCurrentOnly>false</hideElementsInCurrentOnly>
<bounds x="589" y="210" width="170" height="129"/>
</OView>
<OView class="oracle.dbtools.crest.swingui.logical.TVEntity" oid="F7CC4AF3-2B75-BE1B-2F6F-4A606E7B7A85" otype="Entity" vid="A88FBD4D-1CB9-317C-485A-9803757A646B">
<hideElementsInCurrentOnly>false</hideElementsInCurrentOnly>
<bounds x="303" y="0" width="170" height="145"/>
</OView>
</objectViews>
<connectors>
<Connector class="oracle.dbtools.crest.swingui.logical.TVRelation" oid="0DD57813-E3B7-40B4-1F57-DCE07F218F59" otype="Relation" vid_source="73DB4E97-4A14-AAC8-125A-225F3937C043" vid_target="C36B0967-5C27-6C63-B9EE-63E04253EBE3">
<hideElementsInCurrentOnly>false</hideElementsInCurrentOnly>
<backgroundColor>-16777216</backgroundColor>
<lineWidth>1</lineWidth>
<points>
<point x="155" y="325"/>
<point x="155" y="445"/>
</points>
</Connector>
<Connector class="oracle.dbtools.crest.swingui.logical.TVRelation" oid="1AC975D4-CD65-020A-ECDB-65454BB26D22" otype="Relation" vid_source="A88FBD4D-1CB9-317C-485A-9803757A646B" vid_target="45815728-D3D3-9547-E024-FB60E55C7A20">
<hideElementsInCurrentOnly>false</hideElementsInCurrentOnly>
<backgroundColor>-16777216</backgroundColor>
<lineWidth>1</lineWidth>
<points>
<point x="388" y="145"/>
<point x="388" y="210"/>
</points>
</Connector>
<Connector class="oracle.dbtools.crest.swingui.logical.TVRelation" oid="3B37A100-7E05-5799-F000-D364B98B0670" otype="Relation" vid_source="07E7ED9E-6991-5D0B-FB39-3366D18B1CD4" vid_target="6CCC7959-A3BD-E529-08B8-3FE22755839F">
<hideElementsInCurrentOnly>false</hideElementsInCurrentOnly>
<backgroundColor>-16777216</backgroundColor>
<lineWidth>1</lineWidth>
<points>
<point x="677" y="339"/>
<point x="677" y="448"/>
</points>
</Connector>
<Connector class="oracle.dbtools.crest.swingui.logical.TVRelation" oid="42A69EDE-BE21-6E0C-B808-FE7549AFBD96" otype="Relation" vid_source="45815728-D3D3-9547-E024-FB60E55C7A20" vid_target="C36B0967-5C27-6C63-B9EE-63E04253EBE3">
<hideElementsInCurrentOnly>false</hideElementsInCurrentOnly>
<backgroundColor>-16777216</backgroundColor>
<lineWidth>1</lineWidth>
<points>
<point x="325" y="330"/>
<point x="188" y="445"/>
</points>
</Connector>
<Connector class="oracle.dbtools.crest.swingui.logical.TVRelation" oid="74D2E976-3292-4EBB-DBC5-369450462187" otype="Relation" vid_source="45815728-D3D3-9547-E024-FB60E55C7A20" vid_target="83B9EE00-2AFC-29FD-A167-1C352DF4C951">
<hideElementsInCurrentOnly>false</hideElementsInCurrentOnly>
<backgroundColor>-16777216</backgroundColor>
<lineWidth>1</lineWidth>
<points>
<point x="411" y="330"/>
<point x="411" y="437"/>
</points>
</Connector>
<Connector class="oracle.dbtools.crest.swingui.logical.TVRelation" oid="8BDB91DE-9403-1C93-346A-3F3B66683E3B" otype="Relation" vid_source="A88FBD4D-1CB9-317C-485A-9803757A646B" vid_target="07E7ED9E-6991-5D0B-FB39-3366D18B1CD4">
<hideElementsInCurrentOnly>false</hideElementsInCurrentOnly>
<backgroundColor>-16777216</backgroundColor>
<lineWidth>1</lineWidth>
<points>
<point x="473" y="132"/>
<point x="604" y="210"/>
</points>
</Connector>
<Connector class="oracle.dbtools.crest.swingui.logical.TVRelation" oid="95B7DFA0-2E8D-81FB-5EE3-740591907565" otype="Relation" vid_source="45815728-D3D3-9547-E024-FB60E55C7A20" vid_target="6CCC7959-A3BD-E529-08B8-3FE22755839F">
<hideElementsInCurrentOnly>false</hideElementsInCurrentOnly>
<backgroundColor>-16777216</backgroundColor>
<lineWidth>1</lineWidth>
<points>
<point x="463" y="330"/>
<point x="611" y="448"/>
</points>
</Connector>
<Connector class="oracle.dbtools.crest.swingui.logical.TVRelation" oid="ED42BE2C-888F-D9E0-5B92-CEDA2DBBA486" otype="Relation" vid_source="A88FBD4D-1CB9-317C-485A-9803757A646B" vid_target="73DB4E97-4A14-AAC8-125A-225F3937C043">
<hideElementsInCurrentOnly>false</hideElementsInCurrentOnly>
<backgroundColor>-16777216</backgroundColor>
<lineWidth>1</lineWidth>
<points>
<point x="303" y="138"/>
<point x="190" y="215"/>
</points>
</Connector>
<Connector class="oracle.dbtools.crest.swingui.logical.TVRelation" oid="F1CFBAA3-7F5E-FC13-ABBD-C40C1BC576E3" otype="Relation" vid_source="73DB4E97-4A14-AAC8-125A-225F3937C043" vid_target="83B9EE00-2AFC-29FD-A167-1C352DF4C951">
<hideElementsInCurrentOnly>false</hideElementsInCurrentOnly>
<backgroundColor>-16777216</backgroundColor>
<lineWidth>1</lineWidth>
<points>
<point x="198" y="325"/>
<point x="342" y="437"/>
</points>
</Connector>
</connectors>
</Diagram>
